Topic,Total_Votes,Total_For,Total_Against,Avg_Controversy
Forslag nr. 1 på vegne av SV og R.,8,120,704,0.291
Innstillingens tilråding,109,5739,2077,0.343
Lovens overskrift og loven i sin helhet.,91,3019,870,0.199
Forslag nr. 1 på vegne av FrP.,10,172,853,0.336
Forslag nr. 3 på vegne av H og MDG.,1,29,71,0.58
Forslag nr. 2 på vegne av FrP.,12,195,1039,0.317
Innstillingens tilråding.,105,3856,1434,0.271
Forslag nr. 9 på vegne av MDG.,1,5,99,0.096
Forslag nr. 5 - 7 på vegne av SV og R.,1,10,92,0.196
"Forslag nr. 4 på vegne av SV, R og V.",1,12,90,0.235
"Forslag nr. 1 - 3 på vegne av SV, R og MDG.",1,15,89,0.288
Forslag nr. 12 på vegne av MDG.,1,5,98,0.097
Forslag nr. 10 og 11 på vegne av SV og R.,1,10,93,0.194
Forslag nr. 7 - 9 på vegne av SV og R.,1,12,92,0.231
"Forslag nr. 2, 3, 5 og 6 på vegne av SV, R og MDG.",1,15,88,0.291
"Forslag nr. 4 på vegne av SV, R og MDG.",1,17,87,0.327
"Forslag nr. 1 på vegne av SV, R, MDG og V.",1,17,86,0.33
Forslag nr. 2 på vegne av SV og R.,8,164,662,0.397
Forslag nr. 1 på vegne av FrP og H.,1,48,55,0.932
Forslag nr. 1 - 8 på vegne av FrP.,1,29,73,0.569
Romertall I § 5 femte ledd nytt andre punktum Romertall IV Ny § 5-13 tredje ledd,1,69,29,0.592
Resten av romertall I og IV samt øvrige romertall,1,-1,-1,0.0
Stor bokstav B.,11,458,234,0.343
Forslag nr. 5 på vegne av KrF.,1,6,91,0.124
Forslag nr. 2 og 4 på vegne av MDG.,1,8,93,0.158
Forslag nr. 3 på vegne av MDG.,1,18,84,0.353
Forslag nr. 1 på vegne av Sp og KrF.,1,44,58,0.863
Romertall I,1,58,43,0.851
"Romertall II, III, IV",1,-1,-1,0.0
Forslag nr. 2 og 3 på vegne av SV og R.,2,26,176,0.257
"Forslag nr. 1 på vegne av SV, R og MDG.",3,45,258,0.297
Forslag nr. 10 på vegne av R og MDG.,2,24,176,0.24
Forslag nr. 8 og 9 på vegne av SV og R.,2,24,177,0.239
"Forslag nr. 3 på vegne av SV, R og MDG.",2,31,172,0.305
"Forslag nr. 2 og 4 - 7 på vegne av SV, R og MDG.",1,17,83,0.34
"Forslag nr. 1 på vegne av SV, Sp, R og MDG.",1,22,78,0.44
Forslag nr. 3 på vegne av SV.,3,67,235,0.445
Forslag nr. 2 på vegne av A.,2,132,66,0.667
"Alternativ votering mellom innstillingen og forslag 1 fra H, SV og R.",2,103,103,0.874
Behandlingsmåte Redegjørelse.,1,93,20,0.354
Forslag nr. 50 på vegne av KrF.,3,6,303,0.039
Forslag nr. 44 på vegne av MDG.,3,6,294,0.04
Forslag nr. 35 på vegne av V.,3,15,291,0.098
Forslag nr. 16 på vegne av R.,3,15,291,0.098
Forslag nr. 51 på vegne av FrP.,3,36,273,0.233
Forslag nr. 55 på vegne av H.,3,66,243,0.427
"Forslag nr. 45, 47 og 49 på vegne av MDG.",3,6,303,0.039
Forslag nr. 46 og 48 på vegne av MDG.,3,21,288,0.136
Forslag nr. 39 og 40 på vegne av V.,3,15,294,0.097
"Forslag nr. 36, 41 og 42 på vegne av V.",3,21,288,0.136
Forslag nr. 43 på vegne av V.,3,39,270,0.252
Forslag nr. 37 på vegne av V.,3,36,273,0.233
Forslag nr. 38 på vegne av V.,3,78,231,0.505
Forslag nr. 57 på vegne av R.,4,41,435,0.179
Forslag nr. 17 og 31 - 33 på vegne av R.,3,15,294,0.097
Forslag nr. 18 - 29 og 34 på vegne av R.,3,21,288,0.136
Forslag nr. 30 på vegne av R.,7,143,576,0.4
Forslag nr. 10 på vegne av FrP.,8,160,665,0.387
"Forslag nr. 4, 12 og 13 på vegne av FrP.",3,42,267,0.272
"Forslag nr. 7, 8 og 11 på vegne av FrP.",3,51,258,0.33
Forslag nr. 15 på vegne av FrP.,3,120,189,0.777
Forslag nr. 9 på vegne av FrP.,6,138,484,0.445
Forslag nr. 6 på vegne av FrP.,6,214,395,0.704
Forslag nr. 5 og 14 på vegne av FrP.,3,63,243,0.412
Forslag nr. 2 på vegne av H.,6,148,465,0.483
Forslag nr. 52 på vegne av R.,3,15,294,0.097
"Forslag nr. 53 på vegne av A, Sp og SV.",3,168,138,0.902
Stor bokstav A romertall I-XLIX,3,165,141,0.922
"Stor bokstav A LII, LII",3,171,138,0.893
"Stor bokstav A L, L I",3,165,144,0.932
"Stor bokstav A L IV, LVI, LVII",3,237,72,0.466
Stor bokstav A L V,3,165,144,0.932
Stor bokstav B liten bokstav a romertall I og III,3,189,120,0.777
Stor bokstav B liten bokstav a romertall II,3,210,96,0.627
Stor bokstav B liten bokstav b romertall I og II,3,165,144,0.932
Stor bokstav C romertall I,3,255,51,0.333
Stor bokstav C II,3,246,63,0.408
Stor bokstav C III,3,255,51,0.333
Stor bokstav C IV,3,258,51,0.33
Stor bokstav C V,3,189,120,0.777
Stor bokstav C VI,3,258,51,0.33
Stor bokstav C VII,3,189,120,0.777
Stor bokstav C VIII,3,258,51,0.33
Stor bokstav C IX,3,228,78,0.51
Stor bokstav C X,3,168,135,0.891
Stor bokstav C romertall 11,3,186,123,0.796
Stor bokstav C romertall XII,3,195,114,0.738
Stor bokstav C XIII,3,255,51,0.333
Stor bokstav C XIV,3,249,51,0.34
Stor bokstav C XV,3,186,123,0.796
Stor bokstav C XVI,3,186,123,0.796
Stor bokstav C XVII,3,192,117,0.757
Stor bokstav C XVIII,3,183,126,0.816
Stor bokstav C XIX,6,438,177,0.575
Stor bokstav C XX,3,252,57,0.369
Stor bokstav C XXI,3,258,51,0.33
Stor bokstav C XXII,3,261,48,0.311
Stor bokstav C XXIII,3,186,123,0.796
Stor bokstav C XXIV,3,192,117,0.757
Stor bokstav C XXV,3,237,72,0.466
Stor bokstav C XXVI,3,261,48,0.311
Stor bokstav C XXVII,3,252,48,0.32
Stor bokstav C XXVIII,3,192,117,0.757
Stor bokstav C XXX,3,192,117,0.757
Stor bokstav C XXXI,3,255,51,0.333
Stor bokstav C XXXII,3,189,120,0.777
Stor bokstav C XXXIII,3,183,123,0.804
Stor bokstav C XXXIV,3,186,123,0.796
Stor bokstav C XXXV,3,252,54,0.353
Stor bokstav C XXXVI,3,255,48,0.317
Stor bokstav C XXXVII,3,249,57,0.373
Stor bokstav C XXXVIII,3,189,117,0.765
Stor bokstav C XXXIX,3,252,51,0.337
Stor bokstav C XL,3,186,120,0.784
Stor bokstav C XLI,3,255,54,0.35
Stor bokstav C XLII,3,189,117,0.765
Stor bokstav C XLIII,3,-3,-3,0.0
Forslag nr. 3 på vegne av FrP.,12,172,1051,0.281
"Forslag nr. 1 på vegne av H, FrP og V.",13,533,764,0.754
"Forslag nr. 2 på vegne av H, FrP og V.",5,261,385,0.812
Romertallene I - VII.,1,-1,-1,0.0
Forslag nr. 25 på vegne av SV.,5,267,511,0.655
Forslag nr. 24 på vegne av FrP.,1,14,89,0.272
Forslag nr. 23 på vegne av FrP.,1,15,88,0.291
Forslag nr. 14 - 22 på vegne av SV og R.,1,15,86,0.297
Forslag nr. 13 på vegne av FrP og R.,1,29,74,0.563
Forslag nr. 12 på vegne av FrP og SV.,1,23,79,0.451
"Forslag nr. 9 - 11 på vegne av FrP, SV og R.",1,28,75,0.544
Forslag nr. 7 og 8 på vegne av Sp og FrP.,1,32,71,0.621
"Forslag nr. 6 på vegne av Sp, SV og R.",3,96,213,0.621
"Forslag nr. 5 på vegne av Sp, FrP og R.",1,38,65,0.738
"Forslag nr. 3 og 4 på vegne av Sp, FrP og SV.",1,40,62,0.784
"Forslag nr. 1 og 2 på vegne av H, Sp, FrP og KrF.",1,81,22,0.427
Alternativ votering mellom innstillingen og forslag nr.1-3,2,103,103,0.233
Alternativ votering mellom innstillingen og forslag nr.1-3 fra FrP,2,101,101,0.277
"A, I Ny § 27 b.",1,90,12,0.235
"A, I § 43 tredje ledd nytt tredje og fjerde punktum.",1,68,34,0.667
"Stor bokstav A, resten av I samt II.",1,-1,-1,0.0
"Stor bokstav B, I.",3,180,129,0.836
"Stor bokstav B, II.",3,117,87,0.57
Forslag nr. 1 på vegne av femte visepresident Ingrid Fiskaa .,3,48,258,0.314
Forslag nr. 3 - 5 på vegne av R.,1,15,87,0.294
Alternativ votering mellom innstillingen og forslagene 1 og 2 fra femte visepresident Ingrid Fiskaa.,2,102,102,0.392
Forslag nr. 7 på vegne av R.,4,30,377,0.147
Forslag nr. 8 på vegne av R.,5,39,606,0.125
Forslag nr. 5 på vegne av femste visepresident Ingrid Fiskaa.,2,30,174,0.294
Forslag nr. 4 på vegne av femste visepresident Ingrid Fiskaa.,2,28,176,0.275
Forslag nr. 2 og 3 på vegne av femste visepresident Ingrid Fiskaa.,2,30,174,0.294
Forslag nr. 6 på vegne av femte visepresident Ingrid Fiskaa.,2,30,174,0.294
Forslag nr. 9 på vegne av R.,2,30,174,0.294
romertallene I og II.,12,504,194,0.33
Forslag nr. 8 på vegne av Sp.,4,89,318,0.438
Forslag nr. 6 og 7 på vegne av SV og R.,2,31,174,0.302
"Forslag nr. 4 på vegne av Sp, SV og R.",3,108,198,0.706
"Forslag nr. 1 - 3 på vegne av FrP, SV og R.",1,27,75,0.529
Forslag nr. 5 på vegne av FrP og R.,1,43,59,0.843
Forslag nr. 4 - 6 på vegne av FrP.,1,12,90,0.235
Forslag nr. 1 og 3 på vegne av Sp og FrP.,1,29,72,0.574
Forslag nr. 2 på vegne av Sp og FrP.,2,81,124,0.772
Romertallene I og II.,12,478,217,0.368
Forslag nr. 52 på vegne av MDG.,1,7,93,0.14
Forslag nr. 51 på vegne av R og MDG.,1,8,90,0.163
Forslag nr. 50 på vegne av SV og MDG.,1,11,91,0.216
Forslag nr. 49 på vegne av SV og R.,1,13,89,0.255
"Forslag nr. 47 på vegne av SV, V og MDG.",1,15,87,0.294
"Forslag nr. 48 på vegne av SV, V og MDG.",1,20,82,0.392
"Forslag nr. 44 - 46 på vegne av SV, R og MDG.",1,15,87,0.294
"Forslag nr. 36 - 43 på vegne av SV, R, V og MDG.",1,20,82,0.392
Forslag nr. 53 på vegne av H.,1,34,68,0.667
Forslag nr. 35 på vegne av H og MDG.,1,24,78,0.471
Forslag nr. 31 - 34 på vegne av H og V.,1,27,75,0.529
"Forslag nr. 25 og 27 - 30 på vegne av H, V og MDG.",1,28,74,0.549
"Forslag nr. 26 på vegne av H, V og MDG.",1,34,68,0.667
"Forslag nr. 24 på vegne av Sp, SV og R.",1,34,68,0.667
Forslag nr. 23 på vegne av H og FrP.,1,34,67,0.673
"Forslag nr. 22 på vegne av Sp, SV, R og MDG.",1,34,67,0.673
"Forslag nr. 21 på vegne av FrP, SV, R, V og MDG.",1,32,70,0.627
"Forslag nr. 20 på vegne av H, SV, V og MDG.",1,42,60,0.824
"Forslag nr. 11 - 17 på vegne av H, FrP og V.",1,38,64,0.745
"Forslag nr. 18 og 19 på vegne av H, FrP og V.",1,41,61,0.804
"Forslag nr. 8 - 10 på vegne av Sp, SV, R, V og MDG.",7,273,459,0.746
"Forslag nr. 1 - 7 på vegne av H, SV, R, V og MDG.",1,43,59,0.843
"Forslag nr. 54 på vegne av H, SV, R, V og MDG.",1,55,47,0.922
Romertall V.,11,639,246,0.403
"Romertallene III, VI og IX.",1,88,12,0.24
romertallene VII og VIII.,2,131,71,0.703
Romertall XI.,8,182,75,0.139
"Romertallene IV, X, XII og XIII.",1,-1,-1,0.0
Forslag nr. 2 på vegne av R.,7,67,642,0.189
Forslag nr. 1 på vegne av V og MDG.,1,7,96,0.136
A II § 14-82.,1,90,13,0.252
"Resten av stor bokstav A, samt stor bokstav B, C, D og E.",1,-1,-1,0.0
Lovenes overskrift og lovene i sin helhet.,1,-1,-1,0.0
"Forslag nr. 55, 58 og 59 på vegne av R.",1,5,98,0.097
Forslag nr. 56 og 57 på vegne av R.,1,7,96,0.136
Forslag nr. 54 på vegne av SV.,1,8,95,0.155
Forslag nr. 48 - 53 på vegne av FrP.,1,13,90,0.252
"Forslag nr. 30, 38, 44 og 47 på vegne av SV og R.",1,13,90,0.252
"Forslag nr. 31 - 34, 36, 39 - 41, 45 og 46 på vegne av SV og R.",1,15,88,0.291
"Forslag nr. 35, 37, 42 og 43 på vegne av SV og R.",1,20,83,0.388
Forslag nr. 29 på vegne av Sp.,3,54,255,0.35
Forslag nr. 27 på vegne av FrP og R.,1,20,83,0.388
Forslag nr. 28 på vegne av FrP og R.,1,25,78,0.485
Forslag nr. 24 og 26 på vegne av H.,1,29,74,0.563
Forslag nr. 25 på vegne av H.,1,28,74,0.549
"Forslag nr. 17 på vegne av FrP, SV og R.",1,27,76,0.524
"Forslag nr. 18 på vegne av FrP, SV og R.",1,28,74,0.549
"Forslag nr. 19, 22 og 23 på vegne av FrP, SV og R.",1,28,75,0.544
"Forslag nr. 16 på vegne av FrP, SV og R.",1,30,73,0.583
"Forslag nr. 20 og 21 på vegne av FrP, SV og R.",1,33,70,0.641
Forslag nr. 14 og 15 på vegne av H og R.,1,36,67,0.699
"Forslag nr. 7 og 9 på vegne av Sp, SV og R.",1,31,72,0.602
"Forslag nr. 12 og 13 på vegne av Sp, SV og R.",1,34,69,0.66
"Forslag nr. 8, 10 og 11 på vegne av Sp, SV og R.",1,37,66,0.718
"Forslag nr. 6 på vegne av Sp, FrP og R.",1,42,61,0.816
Forslag nr. 5 på vegne av H og FrP.,3,139,236,0.737
Forslag nr. 4 på vegne av H og FrP.,4,160,250,0.78
"Forslag nr. 3 på vegne av H, Sp og FrP.",1,54,49,0.951
"Forslag nr. 2 på vegne av Sp, FrP, SV og R.",1,45,58,0.874
"Forslag nr. 1 på vegne av H, FrP, SV og R.",1,56,46,0.902
Forslag nr. 60 på vegne av Sp og FrP.,1,63,40,0.777
Romertall III.,14,813,326,0.403
"Forslag nr. 2 på vegne av SV, R, MDG og KrF.",1,17,85,0.333
"Alternativ votering mellom innstillingen og forslag nr.1 fra SV, R, V, MDG og KrF",2,100,100,0.44
"Alternativ votering mellom innstillingen og forslag nr.1-2 fra SV, R, V og MDG",2,101,101,0.416
Forslag nr. 16 på vegne av H og KrF.,1,24,77,0.475
"Forslag nr. 17 på vegne av H, Sp, FrP og KrF",1,82,20,0.392
Alternativ votering mellom innstillingen og forslagene nr. 1-15 fra Sp og FrP,2,101,101,0.594
"Alternativ votering mellom innstillingen og forslagene nr.1-7 fra Sp, FrP og KrF",2,101,101,0.634
Forslag nr. 6 på vegne av FrP og MDG.,4,56,352,0.275
Forslag nr. 30 på vegne av KrF.,4,8,396,0.04
Forslag nr. 24 - 29 på vegne av MDG.,4,8,400,0.039
Forslag nr. 12 - 23 på vegne av R.,4,20,384,0.099
Forslag nr. 5 på vegne av R.,8,92,724,0.227
Forslag nr. 10 på vegne av V og MDG.,4,28,376,0.139
Forslag nr. 11 på vegne av SV.,4,28,380,0.137
Forslag nr. 8 og 9 på vegne av FrP.,4,48,360,0.235
Forslag nr. 38 på vegne av FrP.,4,116,292,0.569
Forslag nr. 7 på vegne av FrP og MDG.,4,56,352,0.275
Forslag nr. 2 - 4 på vegne av H og V.,4,108,300,0.529
Forslag nr. 1 på vegne av FrP og KrF.,4,60,348,0.294
Forslag nr. 32 og 35 - 37 på vegne av A og Sp.,4,236,168,0.832
Forslag nr. 31 og 33 på vegne av A og Sp.,4,252,156,0.765
Forslag nr. 34 på vegne av A og Sp.,4,312,92,0.455
Forslag nr. 2 på vegne av Sp og SV.,4,117,290,0.575
Forslag nr. 3 på vegne av Sp og SV.,3,90,217,0.588
"Forslag nr. 1 på vegne av Sp, FrP og SV.",2,96,106,0.95
Forslag nr. 5 og 6 på vegne av R.,1,10,91,0.198
Forslag nr. 4 på vegne av SV og R.,5,115,464,0.371
Forslag nr. 3 på vegne av H og FrP.,7,267,443,0.752
Forslag nr. 1 og 2 på vegne av H og FrP.,1,42,58,0.84
"Romertall I § 17 a første og andre ledd, § 17 a femte ledd andre punktum, § 20 femte ledd, § 20 nytt syvende ledd",1,89,12,0.238
Forslag nr. 3 og 4 på vegne av Sp.,3,62,242,0.408
Forslag nr. 1 og 2 på vegne av Sp og SV.,1,30,70,0.6
Forslag nr. 7 på vegne av MDG.,3,22,286,0.143
Forslag nr. 6 på vegne av MDG.,3,47,260,0.308
Forslag nr. 5 på vegne av SV.,3,49,258,0.319
Forslag nr. 1 - 4 på vegne av SV og V.,1,19,82,0.376
Alternativ votering mellom innstillingen og forslag nr.1-5 fra tredje visepresident Morten Wold og femte visepresident Ingrid Fiskaa,2,100,100,0.58
Forslag nr. 6 fra femte visepresident Ingrid Fiskaa,1,17,84,0.337
Forslag nr. 7 på vegne av .,1,12,89,0.238
Alternativ votering mellom innstillingen § 27  og forslag nr.8 fra femte visepresident Ingrid Fiskaa,2,99,99,0.283
Alternativ votering mellom innstillingen § 16 andre ledd og forslag nr..9 fra R,2,99,99,0.283
Resten av lovens kapitler og paragrafer som det ikke er votert over,1,-1,-1,0.0
"Alternativ votering mellom innstillingen og forslag nr.1 og 2 fra SV, V og MDG",2,101,101,0.277
Forslag nr. 13 og 26 på vegne av MDG.,1,2,99,0.04
"Forslag nr. 2 - 4, 6, 7, 9 - 12, 14 - 19, 22, 23 og 25 på vegne av MDG.",1,10,91,0.198
"Forslag nr. 1, 20 og 21 på vegne av MDG.",1,14,87,0.277
"Forslag nr. 5, 24, 27 og 28 på vegne av MDG.",1,15,86,0.297
Forslag nr. 8 på vegne av MDG.,1,16,85,0.317
Forslag nr. 4 på vegne av R.,3,30,275,0.198
"Forslag nr. 1 og 2 på vegne av Sp, FrP, SV og R.",4,207,196,0.719
Forslag nr. 10 på vegne av R.,2,37,168,0.364
Forslag nr. 6 og 7 på vegne av Sp og R.,1,22,79,0.436
"Forslag nr. 3 - 5 på vegne av Sp, SV og R.",1,30,71,0.594
Forslag nr. 3 og 4 på vegne av FrP.,6,73,540,0.238
"Forslag nr. 2 på vegne av Sp, FrP, R og MDG.",2,72,130,0.713
"Forslag nr. 1 på vegne av Sp, FrP, R, MDG og KrF.",2,76,126,0.752
Forslag nr. 5 på vegne av H.,3,124,180,0.816
"Forslag nr. 6 på vegne av A, Sp og SV.",2,-2,-2,0.0
Forslag nr. 4 og 5 på vegne av FrP og V.,1,16,84,0.32
Forslag nr. 3 på vegne av FrP og V.,1,23,78,0.455
Forslag nr. 2 på vegne av H og V.,4,133,273,0.655
"Forslag nr. 1 på vegne av Sp, FrP og V.",2,78,126,0.765
Alternativ votering mellom innstillingen og forslag nr..1 fra FrP,2,98,98,0.245
"Forslag nr. 7 - 9 på vegne av SV, R og MDG.",1,15,86,0.297
"Forslag nr. 5 og 6 på vegne av SV, R, MDG og KrF.",2,34,167,0.338
"Forslag nr. 3 og 4 på vegne av SV, R, V og MDG.",1,19,81,0.38
"Forslag nr. 2 på vegne av SV, R, V, MDG og KrF.",2,44,161,0.429
"Forslag nr. 1 på vegne av H, SV, R, V, MDG og KrF.",1,43,58,0.851
Forslag nr. 22 på vegne av SV.,1,13,88,0.257
Forslag nr. 3 - 21 og 23 - 25 på vegne av SV.,1,15,85,0.3
Forslag nr. 1 og 2 på vegne av SV og V.,2,39,164,0.384
"Forslag nr. 1 på vegne av H, SV og V.",4,193,218,0.838
Alternativ votering mellom innstillingen og forslag nr..2 fra Sp og FrP,2,101,101,0.713
Forslag nr. 4 på vegne av FrP.,4,72,333,0.357
Alternativ votering mellom innstillingen og forslagene nr.1 og 2 fra Sp og V.,2,101,101,0.416
Forslag nr. 4 på vegne av SV.,1,10,91,0.198
Forslag nr. 3 på vegne av SV og R.,6,108,510,0.349
Romertall I.,30,1304,633,0.368
Romertall II.,38,2283,1294,0.633
Forslag nr. 7 - 18 på vegne av FrP.,1,12,87,0.242
Forslag nr. 2 - 6 på vegne av H og FrP.,1,34,66,0.68
"Forslag nr. 1 på vegne av H, Sp og FrP.",6,378,236,0.768
Forslag nr. 7 på vegne av FrP.,4,68,410,0.284
Forslag nr. 6 på vegne av FrP og KrF.,2,30,176,0.291
Forslag nr. 5 på vegne av FrP og V.,1,16,83,0.323
"Forslag nr. 4 på vegne av FrP, SV, R, MDG og KrF.",1,27,72,0.545
"Forslag nr. 2 på vegne av H, FrP og KrF.",1,36,65,0.713
"Forslag nr. 1 på vegne av H, FrP, R, V og KrF.",1,47,54,0.931
"Alternativ votering mellom innstillingen og forslagene nr.1-5 fra SV, R og MDG",2,98,98,0.286
Forslag nr. 8 på vegne av SV og R.,3,43,265,0.279
"Forslag nr. 2 - 4, 6 og 7 på vegne av Sp, SV, R og PF.",1,33,69,0.647
"Forslag nr. 5 på vegne av Sp, SV, R og PF.",1,36,66,0.706
"Forslag nr. 1 på vegne av Sp, FrP, SV, R, KrF og PF.",1,47,55,0.922
"Forslag nr. 8 på vegne av Sp, KrF og PF.",1,23,79,0.451
"Forslag nr. 5 - 7 på vegne av Sp, SV, KrF og PF.",1,34,68,0.667
"Forslag nr. 1 - 4 på vegne av Sp, SV, R, KrF og PF.",1,35,66,0.693
Forslag nr. 9 på vegne av KrF.,2,13,192,0.127
"Forslag nr. 2, 3 og 5 på vegne av SV, R og PF.",1,16,86,0.314
"Forslag nr. 4 på vegne av SV, R og PF.",1,20,81,0.396
"Forslag nr. 1 på vegne av FrP, SV, R, KrF og PF.",1,32,68,0.64
Forslag nr. 2 og 3 på vegne av FrP og PF.,1,14,88,0.275
Alternativ votering mellom innstillingen og forslag nr.1 og nr.4 fra FrP og PF,2,102,102,0.255
Forslag nr. 1 på vegne av H.,9,255,664,0.555
Innstillingens tilrådng,1,62,40,0.784
Forslag nr. 3 på vegne av FrP og KrF.,1,15,87,0.294
Forslag nr. 19 på vegne av SV.,4,69,339,0.343
Forslag nr. 16 på vegne av FrP.,1,11,91,0.216
Forslag nr. 17 på vegne av FrP.,3,37,265,0.245
Forslag nr. 15 på vegne av KrF og PF.,1,3,99,0.059
"Forslag nr. 14 på vegne av SV, R og KrF.",1,17,85,0.333
"Forslag nr. 12 på vegne av SV, R, KrF og PF.",1,18,84,0.353
"Forslag nr. 18 på vegne av Sp, PF.",1,29,73,0.569
"Forslag nr. 10 og 11 på vegne av Sp, KrF og PF.",1,26,76,0.51
"Forslag nr. 8 og 9 på vegne av Sp, SV, KrF og PF.",1,39,62,0.772
"Forslag nr. 7 på vegne av Sp, SV, R og PF.",1,38,64,0.745
"Forslag nr. 4 og 5 på vegne av Sp, SV, R, KrF og PF.",1,35,66,0.693
"Forslag nr. 2, 3 og 6 på vegne av Sp, SV, R, KrF og PF.",1,39,63,0.765
"Forslag nr. 1 på vegne av Sp, FrP, SV, R og PF.",3,181,121,0.582
"Forslag nr. 4 på vegne av Sp, FrP, SV, R, MDG, KrF, PF.",1,46,55,0.911
"Forslag nr. 2 på vegne av Sp, SV, R og PF.",2,67,138,0.654
"Forslag nr. 1 på vegne av H, FrP og KrF.",2,98,171,0.737
Forslag nr. 34 på vegne av MDG.,1,2,100,0.039
Forslag nr. 33 på vegne av SV og MDG.,1,11,90,0.218
Forslag nr. 31 og 32 på vegne av FrP.,1,12,90,0.235
Forslag nr. 26 og 27 på vegne av SV og R.,1,13,89,0.255
Forslag nr. 28 på vegne av SV og R.,1,16,86,0.314
Forslag nr. 29 og 30 på vegne av SV og R.,1,15,87,0.294
"Forslag nr. 11 - 14, 16, 17 og 25 på vegne av SV, R og MDG.",1,15,87,0.294
"Forslag nr. 15 og 18 - 24 på vegne av SV, R og MDG.",1,15,85,0.3
"Forslag nr. 10 på vegne av FrP, V og MDG.",1,18,84,0.353
"Forslag nr. 5 og 7 - 9 på vegne av SV, R, V og MDG.",1,20,82,0.392
"Forslag nr. 6 på vegne av SV, R, V og MDG.",1,18,82,0.36
Forslag nr. 2 på vegne av H og FrP.,6,232,386,0.751
"Forslag nr. 1 på vegne av Sp, SV, R, V og MDG.",4,148,260,0.725
"Romertallene I, VI, VII, IX og XVI.",1,93,8,0.158
Romertallene II og III.,2,98,1,0.02
Romertall IV.,18,1053,240,0.255
Romertallene X og XVII.,1,93,6,0.121
Romertallene V og XV.,1,96,6,0.118
"Romertallene VIII, XI, XII, XIII, XIV, XVIII og XIX.",1,-1,-1,0.0
Romertall XX.,1,-1,-1,0.0
Forslag nr. 3 på vegne av Sp.,7,155,628,0.402
"Stor bokstav A, I § 12-1 tredje ledd femte punktum, § 33-1 første ledd bokstav d og § 33-1 første ledd bokstav f.",1,83,18,0.356
Alternativ votering mellom innstillingen Stor bokstav A romertall I ny § 12 A-1 første ledd bokstav b og ny § 12 A-2 første ledd bokstav e og forslag nr.1-2 fra Sp og FrP,2,100,100,0.56
"Stor bokstav A, romrtall I Ny § 16-5 a  .",1,67,35,0.686
"Stor bokstav A, I § 33-1 første ledd bokstav b.",1,88,13,0.257
"Stor bokstav A resten av romertall I, romertallene II og III",1,-1,-1,0.0
Stor bokstav B romertall I og II,2,81,19,0.196
Stor bokstav B romertall III,1,85,16,0.317
Forslag nr. 1 - 7 på vegne av SV og V.,1,20,81,0.396
Forslag nr. 16 på vegne av SV.,1,8,93,0.158
Forslag nr. 15 og 17 på vegne av SV.,1,10,92,0.196
Forslag nr. 14 på vegne av SV og R.,2,31,175,0.301
Forslag nr. 12 og 13 på vegne av FrP.,1,13,89,0.255
"Forslag nr. 11 på vegne av SV, V og MDG.",1,15,86,0.297
"Forslag nr. 8 - 10 på vegne av SV, R og MDG.",1,16,86,0.314
Forslag nr. 19 på vegne av Sp.,1,22,80,0.431
"Forslag nr. 5 - 7 på vegne av SV, R, V og MDG.",1,20,82,0.392
"Forslag nr. 1 på vegne av SV, R, V og MDG.",4,93,383,0.391
Stor bokstav A § 2-5 første ledd,1,88,14,0.275
"§ 10-7, 10-8, 6-1 og 6-2 første ledd",1,89,12,0.238
§ 1-8 andre og tredje ledd,1,85,16,0.317
"§§ 2-1 første ledd, 2-5 og § 6-5 tredje ledd",1,85,16,0.317
§ 6-5 andre ledd  .,1,90,10,0.2
§§ 4-3 andre ledd bokstav e og 5-2 tredje ledd,1,23,79,0.451
"§§ 4-3 andre ledd a, 4-4 andre ledd, 4-10 tredje ledd, 12-2 bokstav b første og tredje standpunkt  .",1,19,83,0.373
"Forslag nr. 18 på vegne av A, H, FrP, SV, V og MDG.",1,94,5,0.101
Forslag nr. 2 og 4 på vegne av A og MDG.,1,79,22,0.436
Resten av Stor bokstav A som det ikke er votert over,1,-1,-1,0.0
"Lovanmerkning 1 - 7 på vegne av A, H, FrP, SV, V og MDG.",1,-1,-1,0.0
Lovanmerkning 3,1,-1,-1,0.0
Forslag nr. 24 på vegne av R.,1,7,98,0.133
Forslag nr. 25 og 26 på vegne av V.,1,7,98,0.133
Forslag nr. 9 og 16 på vegne av SV og R.,1,13,92,0.248
"Forslag nr. 7, 8, 10 - 15 og 17 - 23 på vegne av SV og R.",1,15,90,0.286
"Forslag nr. 5 på vegne av SV, R og KrF.",2,31,175,0.301
Forslag nr. 4 på vegne av FrP og V.,1,20,85,0.381
"Forslag nr. 1 - 3 på vegne av Sp, SV og R.",1,33,72,0.629
Forslag nr. 3 på vegne av R og MDG.,1,7,97,0.135
"Forslag nr. 2 på vegne av SV, R og MDG.",3,46,263,0.298
"Alternativ votering mellom innstillingens stor bokstav A I Ny § 3-5 første ledd tredje punktum og A II § 5-4 første ledd tredje punktum, og forslag 1 fra FrP, SV, R, MDG og KrF.",2,105,105,0.571
Resten av stor bokstav A.,9,236,59,0.141
Forslag nr. 165 på vegne av R.,6,30,594,0.096
Forslag nr. 166 og 167 på vegne av V.,6,30,594,0.096
Forslag nr. 174 på vegne av R.,6,42,582,0.135
Forslag nr. 156 på vegne av R og MDG.,6,48,582,0.152
Forslag nr. 157 på vegne av R og KrF.,6,48,582,0.152
Forslag nr. 158 - 162 på vegne av V og MDG.,6,42,588,0.133
Forslag nr. 163 og 164 på vegne av SV.,6,48,582,0.152
Forslag nr. 149 - 154 på vegne av SV og MDG.,6,66,564,0.21
Forslag nr. 155 på vegne av R og V.,6,66,564,0.21
"Forslag nr. 134 på vegne av R, V og KrF.",6,90,540,0.286
Forslag nr. 135 på vegne av SV og R.,6,96,534,0.305
Forslag nr. 139 - 147 på vegne av FrP.,6,72,552,0.231
Forslag nr. 136 - 138 på vegne av SV og R.,6,90,540,0.286
Forslag nr. 148 på vegne av SV og V.,6,78,546,0.25
"Forslag nr. 85 - 123 på vegne av SV, R og MDG.",6,96,534,0.305
"Forslag nr. 124 - 133 på vegne av SV, V og MDG.",6,90,534,0.288
"Forslag nr. 78 på vegne av SV, R, MDG og KrF.",6,102,528,0.324
Forslag nr. 80 - 84 på vegne av Sp.,6,102,528,0.324
"Forslag nr. 170, 171 og 173 på vegne av FrP.",6,78,552,0.248
"Forslag nr. 168, 169 og 172 på vegne av FrP.",6,168,456,0.538
"Forslag nr. 79 på vegne av SV, R og V.",6,126,504,0.4
"Forslag nr. 32 - 77 på vegne av SV, R, V og MDG.",6,126,504,0.4
"Forslag nr. 21 - 28 på vegne av SV, R, V, MDG og KrF.",6,138,492,0.438
Forslag nr. 29 på vegne av Sp og R.,6,138,492,0.438
Forslag nr. 30 og 31 på vegne av H.,6,138,492,0.438
Forslag nr. 20 på vegne av H og V.,6,162,462,0.519
"Forslag nr. 14 og 15 på vegne av H, V og MDG.",6,174,450,0.558
Forslag nr. 16 - 19 på vegne av Sp og FrP.,6,180,450,0.571
"Forslag nr. 12 på vegne av H, SV, MDG og KrF.",6,204,414,0.66
Forslag nr. 13 på vegne av H og FrP.,6,210,414,0.673
"Forslag nr. 11 på vegne av H, FrP og KrF.",6,222,402,0.712
"Forslag nr. 4 på vegne av Sp, SV, R, V, MDG og KrF.",6,240,390,0.762
"Forslag nr. 5 - 7 på vegne av H, SV, V, MDG og KrF.",6,240,384,0.769
"Forslag nr. 2 og 3 på vegne av H, SV, R, V, MDG og KrF.",6,264,360,0.846
"Forslag nr. 1 på vegne av Sp, FrP, SV, R, MDG og KrF.",8,422,534,0.88
Romertallene III og VIII.,6,432,192,0.615
Romertall VI.,9,616,276,0.586
Romertallene I og VII.,6,450,180,0.571
Romertall X.,8,708,260,0.509
Romertall IX.,8,755,201,0.371
Romertall XII.,7,98,59,0.11
Forslag nr. 11 på vegne av V.,1,12,92,0.231
Forslag nr. 12 på vegne av V.,1,7,98,0.133
Forslag nr. 10 på vegne av SV.,1,13,92,0.248
Forslag nr. 8 på vegne av SV og V.,1,21,83,0.404
Forslag nr. 7 på vegne av H.,6,233,647,0.558
Forslag nr. 6 på vegne av H og V.,1,28,77,0.533
"Forslag nr. 4 på vegne av H, SV og V.",2,90,120,0.857
"Forslag nr. 3 på vegne av H, FrP og V.",1,50,54,0.962
Forslag nr. 2 på vegne av FrP og V.,1,32,70,0.627
"A, § 10-3 tredje ledd.",1,74,28,0.549
A § 7-2 andre ledd.,1,97,6,0.117
A § 7-2 første og tredje ledd.,1,93,12,0.229
"A, § 6-6 første ledd første punktum.",1,-1,-1,0.0
"Stor bokstav B, V.",2,157,45,0.45
"Stor bokstav B, VI og VII.",1,77,28,0.533
"Stor bokstav B, IX.",1,105,0,0.0
"Stor bokstav B, I, III, IV og VIII.",1,-1,-1,0.0
Forslag nr. 2 på vegne av V.,4,64,351,0.31
Stor bokstav A.,7,158,141,0.276
"Stor bokstav B, VII.",1,59,45,0.865
"Stor bokstav B, IV.",3,243,67,0.435
"Stor bokstav B, VI.",3,146,60,0.391
"Stor bokstav B, I - III.",1,-1,-1,0.0
"Forslag nr. 5 og 6 på vegne av SV, R og MDG.",1,15,90,0.286
Forslag nr. 4 på vegne av Sp.,3,123,252,0.577
"Forslag nr. 3 på vegne av SV, V, MDG og KrF.",1,17,88,0.324
"Forslag nr. 2 på vegne av SV, R, V og KrF.",1,23,82,0.438
Forslag nr. 1 på vegne av Sp og FrP.,6,202,421,0.649
I § 4,1,56,48,0.923
"Resten av I, samt II.",1,80,22,0.431
Forslag nr. 8 på vegne av V.,1,63,39,0.765
"Forslag nr. 1 - 5, 8, 9, 11, 12, 17 og 18 på vegne av SV og R.",1,12,92,0.231
"Alternativ votering mellom innstillingen og forslag 6 - 7, 10 og 13-16 fra SV og R.",2,105,105,0.305
"Forslag nr. 2 på vegne av SV, R og V.",2,41,167,0.394
"Forslag nr. 1 på vegne av SV, R og V.",1,31,74,0.59
Forslag nr. 2 på vegne av Uav representant Christian Tybring-Gjedde.,1,2,102,0.038
Forslag nr. 3 - 10 på vegne av SV.,1,15,90,0.286
Forslag nr. 2 på vegne av SV og V.,2,36,171,0.347
Forslag nr. 11 på vegne av MDG.,1,13,91,0.25
Forslag nr. 8 - 10 på vegne av MDG.,1,30,75,0.571
Forslag nr. 4 og 5 på vegne av MDG.,2,17,188,0.163
Forslag nr. 2 og 3 på vegne av MDG.,1,9,96,0.171
"Forslag nr. 1 på vegne av Sp, SV og V.",2,80,127,0.773
"Alternativ votering mellom innstillingen og forslag 1 fra H, FrP, V og KrF.",4,208,208,0.817
Forslag nr. 3 og 4 på vegne av SV.,1,17,88,0.324
Alternativ votering mellom innstillingen og forslag 1 og 2 fra SV og V.,2,104,104,0.404
Alternativ voteirng mellom innstillingen og forslagene 1 - 2 fra FrP.,2,104,104,0.25
Alternativ votering mellom innstillingen og forslagene 1 - 2 fra Sp og FrP.,2,105,105,0.629
Forslag nr. 12 på vegne av SV og V.,1,21,83,0.404
Forslag nr. 11 på vegne av Sp.,1,23,82,0.438
Forslag nr. 9 og 10 på vegne av Sp og SV.,1,33,71,0.635
Forslag nr. 8 på vegne av Sp og FrP.,1,33,72,0.629
Forslag nr. 7 på vegne av Sp og FrP.,1,54,50,0.962
Forslag nr. 5 og 6 på vegne av H og V.,1,30,75,0.571
"Forslag nr. 3 på vegne av Sp, FrP og SV.",1,45,60,0.857
"Forslag nr. 4 på vegne av Sp, FrP og SV.",1,67,37,0.712
"Forslag nr. 2 på vegne av H, SV og V.",2,95,113,0.913
"A, I § 10-11 første ledd bokstav b.",1,90,13,0.252
"Stor bokstav B, III.",2,147,59,0.573
"Stor bokstav B, II og V.",1,-1,-1,0.0
Forslag nr. 6 på vegne av Sp og SV.,3,128,315,0.587
"Forslag nr. 5 på vegne av FrP, SV og V.",1,33,72,0.629
Forslag nr. 2 på vegne av A og Sp.,1,48,57,0.914
"Forslag nr. 1 på vegne av H, Sp og SV.",1,58,47,0.895
"Alternativ votering mellom innstillingens stor bokstav A § 6, og forslag 3 fra H, SV og V.",2,105,105,0.838
A § 14 tredje ledd.,1,91,12,0.233
"Alternativ votering mellom innstillingens stor bokstav A §§ 31 og 33, og forslag 7 fra SV og V.",2,104,104,0.404
Alternativ votering mellom innstillingens stor bokstav A § 68 tredje ledd og forslag 10 fra A.,2,105,105,0.933
A § 69.,1,77,28,0.533
"Stor bokstav B, II, IV og V.",1,-1,-1,0.0
"Forslag nr. 21, 23 og 24 på vegne av R.",1,7,95,0.137
Forslag nr. 22 på vegne av R.,1,38,64,0.745
Forslag nr. 17 - 20 på vegne av FrP.,1,13,89,0.255
Forslag nr. 7 - 16 på vegne av Sp.,1,20,81,0.396
Forslag nr. 1 - 6 på vegne av Sp og FrP.,1,32,70,0.627
A III og VI.,1,82,19,0.376
"Stor bokstav B, III-V.",1,69,32,0.634
"Stor bokstav B, I-II.",1,83,17,0.34
Romertall I § 27 b og § 85 a,1,75,27,0.529
Romertall I § 43,1,76,25,0.495
Alternativ votering mellom innstillingen romertall 1 § 62 første ledd bokstav e og romertall II og forslag nr.1 og fra FrP,2,100,100,0.26
"Romertall I § 60 sjette ledd tredje punktum, § 62 tredje ledd, § 62 åttende ledd annet punktum, § 62 nytt niende ledd, § 70 annet ledd annet punktum, § 76 annet ledd annet punktum, § 83 a annet ledd",1,81,22,0.427
Resten av romertall I samt romertall III,1,-1,-1,0.0
Forslag nr. 6 på vegne av R.,1,9,94,0.175
Forslag nr. 2 på vegne av Sp.,11,253,869,0.449
Forslag nr. 1 på vegne av Sp.,6,120,499,0.387
"A, I § 91 første ledd andre og tredje punktum.",1,59,44,0.854
"A, I § 291.",1,91,12,0.233
"A, I § 292, §293 og § 294 første ledd.",1,91,12,0.233
Forslag nr. 5 på vegne av Uavhenging representant Christian Tybring-Gjedde,1,3,99,0.059
Forslag nr. 2 og 4 på vegne av Uavhengig representant Christian Tybring-Gjedde,1,8,94,0.157
Forslag nr. 3 på vegne av Uavhengig representant Christian Tybring-Gjedde,1,7,96,0.136
"Forslag nr. 5, 7, 14 og 15 på vegne av SV og R.",1,16,86,0.314
"Forslag nr. 1 - 4, 6 og 8 - 13 på vegne av SV og R.",1,22,81,0.427
Forslag nr. 1 på vegne av V.,1,6,97,0.117
Forslag nr. 1 på vegne av Sp og V.,2,64,144,0.615
Alternativ votering mellom innstillingen og forslag nr.1 fra FrP,8,409,409,0.244
Alternativ votering mellom innstillingen og forslagene nr.1-2 fra SV og R,4,206,206,0.447
Alternativ votering mellom innstillingen og forslag nr.1 og 2 fra SV og R,2,103,103,0.291
"Alternativ votering mellom innstillingen og forslag 1 fra SV, R og KrF.",2,103,103,0.33
"Forslag nr. 2 på vegne av Sp, SV og R.",5,196,318,0.754
"Forslag nr. 1 på vegne av Sp, SV og R.",7,252,468,0.7
"Romertall I § 1 første ledd andre punktum, §§ 13 og 14",1,90,13,0.252
Romertall I § 16 første og annet ledd,1,68,35,0.68
Forslag nr. 2 på vegne av MDG.,1,14,89,0.272
Forslag nr. 19 på vegne av V.,1,5,98,0.097
Forslag nr. 12 - 18 på vegne av SV.,1,15,88,0.291
Forslag nr. 4 - 11 på vegne av SV og V.,1,20,83,0.388
"Romertallene I, II og III.",1,-1,-1,0.0
Forslag nr. 3 på vegne av H.,2,56,148,0.549
Forslag nr. 4 på vegne av H.,2,74,132,0.718
Alternativ votering mellom innstillingen og forslagene nr.5-7 fra FrP,2,102,102,0.255
Forslag nr. 2 - 10 på vegne av FrP.,1,14,89,0.272
Forslag nr. 1 på vegne av H og FrP.,14,591,976,0.761
Forslag nr. 5 og 6 på vegne av H og FrP.,1,45,58,0.874
"Forslag nr. 1 - 4 på vegne av H, FrP og R.",1,49,54,0.951
Forslag nr. 14 - 17 på vegne av SV og R.,1,15,88,0.291
"Forslag nr. 13 på vegne av SV, R og KrF.",1,15,87,0.294
"Forslag nr. 12 på vegne av SV, R og KrF.",1,17,86,0.33
"Forslag nr. 5 - 11 på vegne av SV, R og V.",1,20,83,0.388
"Alternativ votering mellom innstillingen og forslagene 1 -  4 på vegne av SV, R, V, og KrF.",2,103,103,0.447
Forslag nr. 4 på vegne av Sp og R.,1,38,65,0.738
I § 4-3 andre ledd.,1,63,40,0.777
Resten av I samt II,1,-1,-1,0.0
Forslag nr. 1 og 3 på vegne av SV og R.,1,14,89,0.272
Forslag nr. 2 og 4 på vegne av SV og R.,2,31,175,0.301
Forslag nr. 5 på vegne av SV og R.,5,81,427,0.319
Forslag nr. 6 på vegne av Sp.,3,72,238,0.465
Alternativ votering mellom innstillingen og forslag 1 - 9 fra SV og R.,2,102,102,0.294
Forslag nr. 9 på vegne av Sp.,5,126,649,0.327
Forslag nr. 7 på vegne av Sp og R.,1,22,81,0.427
"Forslag nr. 1, 3 og 6 på vegne av SV og R.",1,13,89,0.255
Forslag nr. 1 på vegne av Sp og R.,3,80,227,0.522
Stor bokstav B II.,1,62,41,0.796
Stor bokstav B I.,1,-1,-1,0.0
Forslag nr. 3 på vegne av Sp og R.,2,58,149,0.56
"Forslag nr. 1 på vegne av FrP, SV og R.",2,64,144,0.615
Forslag nr. 10 på vegne av MDG.,2,5,201,0.049
Forslag nr. 11 på vegne av H og V.,1,30,73,0.583
"Forslag nr. 3 på vegne av Sp, SV og R.",2,107,99,0.796
"Forslag nr. 12 på vegne av A, Sp og SV.",1,62,41,0.796
Forslag nr. 40 på vegne av R.,2,10,196,0.097
Forslag nr. 41 på vegne av R.,2,12,194,0.117
Forslag nr. 36 - 39 på vegne av FrP.,2,26,182,0.25
Forslag nr. 35 på vegne av KrF og PF.,4,26,386,0.126
Forslag nr. 33 på vegne av R og PF.,2,12,194,0.117
Forslag nr. 34 på vegne av R og PF.,2,16,188,0.157
Forslag nr. 32 på vegne av R og KrF.,2,18,188,0.175
Forslag nr. 29 på vegne av SV og R.,2,26,180,0.252
Forslag nr. 30 på vegne av SV og R.,2,30,176,0.291
Forslag nr. 31 på vegne av SV og R.,2,40,166,0.388
Forslag nr. 28 på vegne av Sp.,2,44,160,0.431
"Forslag nr. 27 på vegne av SV, R og PF.",2,32,174,0.311
Forslag nr. 26 på vegne av Sp og R.,2,44,162,0.427
Forslag nr. 24 på vegne av Sp og FrP.,2,78,128,0.757
Forslag nr. 25 på vegne av Sp og FrP.,2,90,116,0.874
"Forslag nr. 15 og 16 på vegne av Sp, R og PF.",2,62,144,0.602
"Forslag nr. 14, 17, 18, 21 og 22 på vegne av Sp, R og PF.",2,66,140,0.641
"Forslag nr. 19, 20 og 23 på vegne av Sp, R og PF.",2,76,130,0.738
"Forslag nr. 10 - 13 på vegne av Sp, SV og R.",2,64,142,0.621
Forslag nr. 6 og 7 på vegne av H og FrP.,2,78,128,0.757
Forslag nr. 8 og 9 på vegne av H og FrP.,3,116,193,0.751
"Forslag nr. 5 på vegne av FrP, SV, R, KrF og PF.",2,70,136,0.68
"Forslag nr. 4 på vegne av H, FrP og KrF.",3,121,188,0.783
"Forslag nr. 2 på vegne av Sp, SV, R, KrF og PF.",3,106,202,0.688
"Forslag nr. 1 på vegne av H, Sp og R.",2,88,118,0.854
"Forslag nr. 3 på vegne av H, FrP og KrF.",2,-2,-2,0.0
"romertallene I, II og III.",3,-3,-3,0.0
Forslag nr. 2 og 3 på vegne av FrP.,4,88,326,0.424
"A, I § 4 bokstav f, III § 19 tredje ledd, § 19 a  første ledd bokstav b, og § 19 e første ledd bokstav b.",1,91,12,0.233
"A, I Ny § 14 a.",1,83,20,0.388
"A, I Ny § 17 a.",1,72,31,0.602
"A, I § 10 andre ledd.",1,70,33,0.641
"Resten av romertallene I og III, samt øvrige romertall under stor bokstav A.",1,-1,-1,0.0
I Ny § 3 - 8 a og II Ny § 12 - 8.,1,62,41,0.796
"Resten av I og II, samt III.",1,61,41,0.804
I § 28 nytt annet til femte ledd og Ny § 44 a.,1,82,21,0.408
I Ny § 21 b og § 34 d første til tredje ledd.,1,63,40,0.777
"Resten av romertall I, samt II - VI.",1,90,12,0.235
"Forslag nr. 1 på vegne av H, KrF og PF.",1,32,71,0.621
Alternativ votering mellom innstillingen og forslagene 2 - 7 fra SV og R.,2,103,103,0.311
Forslag nr. 8 og 9 på vegne av FrP og R.,1,17,86,0.33
Forslag nr. 7 på vegne av FrP og R.,1,19,84,0.369
Forslag nr. 6 på vegne av H.,1,31,71,0.608
"Forslag nr. 1 på vegne av H, FrP og R.",2,125,144,0.936
Forslag nr. 3 på vegne av A og H.,1,51,53,0.981
Forslag nr. 5 på vegne av SV og V.,1,18,85,0.35
"Forslag nr. 3, 4, 6 og 7 på vegne av SV og V.",1,20,83,0.388
"Forslag nr. 1 og 2 på vegne av Sp, SV og V.",2,71,137,0.683
"Stor bokstav A, B, C, D, E, F, G, H, I og J samtlige romertall",1,-1,-1,0.0
Lovenes overskrift og loven i sin helhet.,2,-2,-2,0.0
Alternativ votering mellom innstillingen og forslag nr.1 fra H og FrP,2,104,104,0.596
Forslag nr. 29 på vegne av R.,4,48,368,0.231
Forslag nr. 26 - 28 på vegne av R.,3,45,267,0.288
Forslag nr. 24 og 25 på vegne av SV.,3,39,270,0.252
Forslag nr. 20 - 23 på vegne av SV.,3,45,267,0.288
Forslag nr. 18 på vegne av FrP.,7,122,863,0.252
Forslag nr. 16 og 17 på vegne av KrF og PF.,3,48,264,0.308
Forslag nr. 12 - 15 på vegne av R og PF.,3,24,285,0.155
Forslag nr. 11 på vegne av R og PF.,3,39,273,0.25
Forslag nr. 9 og 10 på vegne av SV og PF.,3,48,264,0.308
Forslag nr. 6 på vegne av SV og R.,4,61,354,0.294
Forslag nr. 7 og 8 på vegne av SV og R.,3,60,252,0.385
"Forslag nr. 3 - 5 på vegne av SV, R og PF.",3,48,264,0.308
"Forslag nr. 2 på vegne av SV, R, KrF og PF.",3,54,258,0.346
"Forslag nr. 1 på vegne av Sp, SV, R og PF.",6,229,455,0.665
Stor bokstav A romertall I og II,3,204,102,0.667
Stor bokstav B romertallene I og III,3,204,105,0.68
Stor bokstav B romertallene II og IV,3,189,120,0.777
"Forslag nr. 7 på vegne av Sp, SV og R.",1,33,71,0.635
Forslag nr. 2 - 5 på vegne av Sp og FrP.,1,30,74,0.577
"Forslag nr. 1 på vegne av Sp, FrP og R.",3,106,207,0.677
Forslag nr. 44 på vegne av KrF.,1,3,101,0.058
Forslag nr. 38 på vegne av MDG.,1,3,101,0.058
Forslag nr. 39 - 43 på vegne av MDG.,1,2,102,0.038
Forslag nr. 37 på vegne av R.,1,7,97,0.135
Forslag nr. 45 på vegne av R.,1,19,85,0.365
Forslag nr. 36 på vegne av V og MDG.,1,13,91,0.25
Forslag nr. 32 - 35 på vegne av R og MDG.,1,8,96,0.154
Forslag nr. 31 på vegne av SV og MDG.,1,11,93,0.212
Forslag nr. 25 - 30 på vegne av SV og R.,1,15,88,0.291
"Forslag nr. 13 - 17, 19 og 22 - 24 på vegne av SV, R og MDG.",1,16,88,0.308
"Forslag nr. 18 og 20 på vegne av SV, R og MDG.",1,15,89,0.288
"Forslag nr. 21 på vegne av SV, R og MDG.",1,21,83,0.404
"Forslag nr. 2 - 12 på vegne av SV, R, V og MDG.",1,21,83,0.404
Forslag nr. 20 på vegne av V.,1,13,91,0.25
Forslag nr. 17 - 19 på vegne av FrP.,1,12,92,0.231
Forslag nr. 16 på vegne av FrP og PF.,1,13,91,0.25
Forslag nr. 15 på vegne av FrP og PF.,1,15,89,0.288
Forslag nr. 13 på vegne av Sp.,1,21,83,0.404
Forslag nr. 12 på vegne av Sp.,1,32,72,0.615
"Forslag nr. 9 og 10 på vegne av FrP, KrF og PF.",1,17,87,0.327
"Forslag nr. 11 på vegne av FrP, KrF og PF.",1,23,81,0.442
Forslag nr. 8 på vegne av Sp og PF.,1,34,70,0.654
"Forslag nr. 5 og 7 på vegne av Sp, SV og R.",1,38,66,0.731
"Forslag nr. 3 på vegne av H, FrP og PF.",1,41,62,0.796
"Forslag nr. 2 på vegne av Sp, FrP, SV, R, KrF og PF.",1,48,55,0.932
"Forslag nr. 1 på vegne av A, Sp og SV.",1,63,41,0.788
Forslag nr. 6 - 9 på vegne av FrP.,3,39,270,0.252
Forslag nr. 3 - 5 på vegne av Sp og FrP.,3,93,219,0.596
"Forslag nr. 1 og 2 på vegne av H, FrP og V.",3,132,180,0.846
Forslag nr. 1 - 3 på vegne av SV og R.,1,16,87,0.311
Forslag nr. 4 - 6 på vegne av SV og R.,1,19,85,0.365
Forslag nr. 26 og 27 på vegne av R.,1,7,97,0.135
Forslag nr. 28 på vegne av R.,2,20,187,0.193
"Forslag nr. 5 - 20, 22, 23 og 25 på vegne av SV og R.",1,15,89,0.288
Forslag nr. 21 og 24 på vegne av SV og R.,1,21,83,0.404
"Forslag nr. 3 og 4 på vegne av Sp, SV og R.",1,33,71,0.635
"Forslag nr. 4, 6, 7 og 9 på vegne av SV og R.",1,21,83,0.404
"Forslag nr. 1 på vegne av H, SV og R.",1,62,42,0.808
Forslag nr. 6 - 11 på vegne av FrP.,1,12,92,0.231
Forslag nr. 3 og 5 på vegne av Sp og FrP.,1,31,73,0.596
Forslag nr. 4 på vegne av Sp og FrP.,4,163,378,0.602
Forslag nr. 7 og 8 på vegne av FrP.,1,13,90,0.252
Forslag nr. 9 og 10 på vegne av FrP.,1,30,74,0.577
Forslag nr. 3 - 6 på vegne av Sp og FrP.,1,30,74,0.577
Forslag nr. 3 - 5 på vegne av FrP.,1,12,93,0.229
Alternativ votering mellom innstillingen og forslag 1 fra R.,2,105,105,0.171
Forslag nr. 19 på vegne av FrP.,1,12,93,0.229
Forslag nr. 20 på vegne av FrP.,1,17,88,0.324
Forslag nr. 21 på vegne av FrP.,1,15,90,0.286
Forslag nr. 17 og 18 på vegne av FrP.,1,14,91,0.267
"Forslag nr. 5, 10 og 12 - 14 på vegne av SV og R.",1,13,90,0.252
"Forslag nr. 1 - 4, 6 - 9, 11, 15 og 16 på vegne av SV og R.",1,15,90,0.286
"A I, Ny § 14",1,90,13,0.252
"A I, Ny § 19 b.",1,85,20,0.381
"Stor bokstav B, I, VII, VIII og IX.",1,80,25,0.476
"Stor bokstav B, II - VI.",1,91,13,0.25
"Stor bokstav B, X.",1,-1,-1,0.0
"Forslag nr. 2 på vegne av FrP, SV og R.",1,31,74,0.59
"Forslag nr. 1 på vegne av FrP, SV, R og V.",1,36,69,0.686
I § 7-4 andre til fjerde ledd,1,90,14,0.269
"Resten av I, samt II-IV.",1,-1,-1,0.0
Forslag nr. 2 på vegne av SV.,1,8,97,0.152
"§ 13 andre ledd, andre punktum.",1,63,42,0.8
"Resten av § 13, samt øvrige paragrafer.",1,-1,-1,0.0
Forslag nr. 4 og 5 på vegne av FrP.,2,24,185,0.23
Forslag nr. 1 og 2 på vegne av Sp.,3,96,216,0.616
Forslag nr. 3 og 4 på vegne av R.,2,25,182,0.24
Forslag nr. 2 på vegne av Sp og V.,2,62,146,0.596
"Alternativ votering mellom innstillingen og forslag 1 fra SV, R og MDG.",2,105,105,0.305
Forslag nr. 1 og 2 på vegne av FrP.,1,17,87,0.327
Forslag nr. 9 og 10 på vegne av Sp.,1,17,88,0.324
Forslag nr. 8 på vegne av Sp og V.,1,24,79,0.466
Forslag nr. 5 - 7 på vegne av Sp og SV.,1,25,79,0.481
Forslag nr. 4 på vegne av Sp og SV.,1,28,77,0.533
Forslag nr. 12 på vegne av H.,2,148,59,0.574
"Forslag nr. 11 på vegne av A, H og V.",1,76,29,0.552
romertallene II og III.,1,89,16,0.305
"Forslag nr. 4 på vegne av SV, R, V og MDG.",1,20,85,0.381
"Forslag nr. 3 på vegne av FrP, R og MDG.",1,19,86,0.362
"Forslag nr. 2 på vegne av FrP, SV, R og MDG.",1,27,78,0.514
"Forslag nr. 1 og 2 på vegne av Sp, SV, R og PF.",4,132,278,0.644
"Forslag nr. 3 og 4 på vegne av Sp, SV, R og PF.",2,78,128,0.757
Forslag nr. 5 - 8 på vegne av V.,2,58,146,0.569
Alternativ votering mellom innstillingen og forslagene nr.1-2 fra FrP,2,103,103,0.272
Romertall I § 2A-1 fjerde ledd,1,97,3,0.06
Romertall I § 2A-1 andre og tredje ledd,1,83,20,0.388
"Alternativ votering mellom innstillingen  og forslag nr.1 fra Sp, FrP, SV, R, KrF og PF",2,104,104,0.981
"Forslag nr. 3 på vegne av FrP, R, KrF og PF.",1,25,77,0.49
"Forslag nr. 1 på vegne av Sp, SV, R, KrF og PF.",1,39,63,0.765
Forslag nr. 3 på vegne av V.,1,7,96,0.136
Forslag nr. 1 på vegne av FrP og V.,2,36,172,0.346
Forslag nr. 6 - 8 på vegne av V.,1,8,96,0.154
Forslag nr. 5 på vegne av V.,4,83,394,0.284
"Forslag nr. 3 på vegne av H, FrP, V og KrF.",1,45,58,0.874
"Forslag nr. 2 på vegne av H, FrP, V og KrF.",1,43,61,0.827
"Forslag nr. 1 på vegne av H, FrP, V og KrF.",2,83,122,0.81
Forslag nr. 12 og 13 på vegne av KrF.,1,4,99,0.078
Forslag nr. 9 og 11 på vegne av KrF og PF.,1,3,100,0.058
Forslag nr. 10 på vegne av KrF og PF.,1,5,98,0.097
"Forslag nr. 4 - 7 på vegne av R, KrF og PF.",1,17,86,0.33
"Forslag nr. 8 på vegne av R, KrF og PF.",1,10,93,0.194
"Forslag nr. 3 på vegne av FrP, KrF og PF.",1,17,86,0.33
Forslag nr. 1 og 2 på vegne av Sp og PF.,1,20,83,0.388
Forslag nr. 8 - 11 på vegne av Sp.,1,18,84,0.353
"Forslag nr. 4 og 5 på vegne av Sp, SV og R.",1,64,39,0.757
Romertallene I og V.,1,102,0,0.0
Forslag nr. 2 på vegne av KrF.,1,2,100,0.039
Forslag nr. 6 og 7 på vegne av SV.,1,16,87,0.311
Forslag nr. 3 og 4 på vegne av SV og V.,1,21,82,0.408
Forslag nr. 6 på vegne av Uav representant Christian Tybring-Gjedde.,1,2,101,0.039
Forslag nr. 2 og 3 på vegne av FrP og Uav representant Christian Tybring-Gjedde.,1,14,88,0.275
Forslag nr. 4 på vegne av V.,2,30,175,0.293
"Forslag nr. 2 på vegne av Sp, SV og V.",1,36,66,0.706
Stor bokstav A samtlige paragrafer,1,-1,-1,0.0
Stor bokstav B romertall I,1,85,17,0.333
Stor bokstav B romertall II,1,61,41,0.804
Stor bokstav A og B samtlige kapitler og paragrafer,1,-1,-1,0.0
Forslag nr. 1 og 2 på vegne av SV og R.,1,16,87,0.311
"Forslag nr. 1 og 2 på vegne av Sp, SV og R.",2,67,138,0.654
Romertall I § 13-4 første ledd andre punktum,1,70,32,0.627
Resten av romertall I samt romertall II,2,93,0,0.011
Forslag nr. 3 og 4 på vegne av SV og R.,1,16,87,0.311
Forslag nr. 14 på vegne av H.,1,61,41,0.804
Forslag nr. 13 på vegne av H.,1,57,45,0.882
Forslag nr. 11 på vegne av A.,1,71,31,0.608
Forslag nr. 10 på vegne av A.,1,36,66,0.706
Forslag nr. 9 på vegne av A.,1,44,58,0.863
Forslag nr. 8 på vegne av A.,1,85,15,0.3
Forslag nr. 7 på vegne av A.,1,44,57,0.871
Forslag nr. 6 på vegne av A.,1,66,36,0.706
Forslag nr. 5 på vegne av A.,1,43,58,0.851
Forslag nr. 4 på vegne av A.,1,44,58,0.863
"Stor bokstav B, XIV.",1,54,47,0.931
"Stor bokstav B, XI.",1,63,39,0.765
"Stor bokstav B, I, III, X, XII.",1,64,38,0.745
"Stor bokstav B, V - IX.",1,73,29,0.569
"Stor bokstav B, XV.",1,90,12,0.235
"Stor bokstav B, XIII.",1,-1,-1,0.0
"Forslag nr. 2 på vegne av Sp, FrP og V.",1,36,66,0.706
Alternativ votering mellom innstillingen og forslag 1 og 2 fra H og FrP.,2,102,102,0.686
Forslag nr. 15 på vegne av V og MDG.,4,29,380,0.142
Forslag nr. 13 og 14 på vegne av Sp og R.,3,66,240,0.431
Forslag nr. 12 på vegne av Sp og R.,4,94,315,0.46
"Forslag nr. 10 og 11 på vegne av SV, R og MDG.",3,45,261,0.294
"Forslag nr. 9 på vegne av SV, R og MDG.",3,51,255,0.333
"Forslag nr. 2 - 8 på vegne av SV, R, V og MDG.",3,60,246,0.392
romertallene III og IX.,1,50,52,0.98
romertallene IV og V.,1,89,12,0.238
"romertallene I, II og VI.",1,-1,-1,0.0
Forslag nr. 2 - 5 på vegne av KrF.,1,2,100,0.039
Forslag nr. 5 på vegne av SV og MDG.,1,10,92,0.196
"Forslag nr. 1 - 4 på vegne av SV, R og MDG.",1,15,87,0.294
"Stor bokstav A, § 4.",1,20,82,0.392
Forslag nr. 6 på vegne av A og Sp.,1,62,40,0.784
Forslag nr. 4 og 5 på vegne av V.,1,15,87,0.294
"Forslag nr. 1 på vegne av A, SV og R.",1,44,58,0.863
"A, romertall I Ny § 48 a, og romertall III Ny § 25-5.",1,55,46,0.911
Forslag nr. 2 - 4 på vegne av SV.,1,15,87,0.294
Forslag nr. 1 på vegne av SV og V.,1,20,82,0.392
Forslag nr. 18 på vegne av R.,2,26,178,0.255
Forslag nr. 17 på vegne av V.,2,36,168,0.353
Forslag nr. 14 - 16 på vegne av FrP.,2,24,180,0.235
Forslag nr. 13 på vegne av FrP og V.,2,34,170,0.333
Forslag nr. 12 på vegne av H og V.,2,80,124,0.784
"Forslag nr. 6, 7 og 11 på vegne av H og FrP.",2,82,122,0.804
Forslag nr. 5 og 8 - 10 på vegne av H og FrP.,2,94,110,0.922
"Forslag nr. 1 - 4 på vegne av H, FrP og V.",2,166,38,0.373
Forslag nr. 6 på vegne av V.,2,49,154,0.483
Forslag nr. 5 på vegne av Sp.,2,58,147,0.567
Forslag nr. 9 - 19 på vegne av FrP.,1,12,90,0.235
Forslag nr. 8 på vegne av H og V.,1,36,66,0.706
"Forslag nr. 1 - 3, 5 og 6 på vegne av H og FrP.",1,33,66,0.667
Forslag nr. 7 på vegne av H og FrP.,2,74,130,0.725
Innstillingnes tilråding.,1,89,13,0.255
Forslag nr. 5 på vegne av R og PF.,1,8,95,0.155
"Forslag nr. 3 på vegne av SV, R og PF.",2,32,174,0.311
"Forslag nr. 2 på vegne av FrP, R, KrF og PF.",1,30,73,0.583
Forslag nr. 38 og 40 på vegne av KrF.,2,4,186,0.042
"Forslag nr. 37, 39 og 41 - 45 på vegne av KrF.",2,8,198,0.078
Forslag nr. 36 på vegne av SV.,2,22,184,0.214
Forslag nr. 32 - 34 på vegne av KrF og PF.,2,10,196,0.097
Forslag nr. 30 og 31 på vegne av KrF og PF.,2,20,186,0.194
Forslag nr. 18 på vegne av SV og R.,2,30,174,0.294
"Forslag nr. 17, 19, 20, 22 - 25, 27 og 28 på vegne av SV og R.",2,30,176,0.291
Forslag nr. 21 og 26 på vegne av SV og R.,2,42,164,0.408
"Forslag nr. 16 på vegne av R, KrF og PF.",2,20,186,0.194
"Forslag nr. 13 - 15 på vegne av SV, R og PF.",2,32,174,0.311
"Forslag nr. 12 på vegne av Sp, R og PF.",2,68,138,0.66
"Forslag nr. 11 på vegne av Sp, R og PF.",2,74,132,0.718
"Forslag nr. 5 på vegne av Sp, SV og R.",3,91,216,0.593
"Forslag nr. 3, 4 og 7 - 9 på vegne av Sp, SV og R.",2,64,142,0.621
"Forslag nr. 6 og 10 på vegne av Sp, SV og R.",2,74,132,0.718
Forslag nr. 46 på vegne av A og SV.,2,132,74,0.718
"Forslag nr. 5 på vegne av SV, V og MDG.",1,16,86,0.314
"Alternativ votering mellom innstillingen og forslag nr.1-4 fra SV, R, V og MDG",2,100,100,0.42
"Forslag nr. 2 - 4 på vegne av SV, R, V, MDG og KrF.",1,23,79,0.451
Forslag nr. 10 på vegne av V.,2,30,173,0.297
Forslag nr. 9 på vegne av R og V.,1,15,88,0.291
Forslag nr. 4 - 8 på vegne av H og V.,1,32,71,0.621
"Forslag nr. 2 og 3 på vegne av H, FrP og V.",1,43,59,0.843
"Forslag nr. 1 på vegne av H, FrP, R og V.",1,49,54,0.951
"Forslag nr. 11 på vegne av SV, R og PF.",1,21,82,0.408
Forslag nr. 10 på vegne av H.,2,28,73,0.282
Forslag nr. 9 på vegne av H og KrF.,1,31,72,0.602
"Forslag nr. 8 på vegne av Sp, SV, R og PF.",1,38,65,0.738
Forslag nr. 1 - 7 på vegne av H og FrP.,1,41,62,0.796
Alternativ votering mellom innstillingen og forslag 1-3 fra R.,2,101,101,0.218
Alternativ votering mellom innstillingen og forslag nr.1 fra V,2,103,103,0.136
Forslag nr. 27 på vegne av SV.,1,10,93,0.194
Forslag nr. 26 på vegne av FrP.,5,344,435,0.832
Forslag nr. 23 på vegne av SV og R.,1,13,90,0.252
"Forslag nr. 19 - 22, 24 og 25 på vegne av SV og R.",1,15,88,0.291
Forslag nr. 18 på vegne av Sp.,1,19,84,0.369
"Forslag nr. 13 - 16 på vegne av SV, R og V.",1,21,82,0.408
"Forslag nr. 17 på vegne av SV, R og V.",1,22,81,0.427
Forslag nr. 10 på vegne av Sp og SV.,1,26,77,0.505
Forslag nr. 11 på vegne av Sp og SV.,1,28,75,0.544
Forslag nr. 8 og 9 på vegne av H og V.,1,29,74,0.563
Forslag nr. 6 på vegne av H og FrP.,1,37,65,0.725
"Forslag nr. 5 på vegne av H, SV og R.",1,38,65,0.738
"Forslag nr. 2 - 4 på vegne av H, FrP og V.",1,44,59,0.854
"Forslag nr. 1 på vegne av H, SV, R og V.",2,93,114,0.898
Forslag nr. 3 på vegne av V og MDG.,1,13,89,0.255
"Forslag nr. 1 og 2 på vegne av Sp, FrP og KrF.",1,30,72,0.588
Innstillngens tilråding,1,-1,-1,0.0
"Alternativ votering mellom innstillingen og forslagene nr.1-2 fra Sp, SV og R",2,102,102,0.627
Forslag nr. 1 på vegne av H og KrF.,1,41,62,0.796
Forslag nr. 8 på vegne av FrP.,4,56,353,0.274
Forslag nr. 4 - 6 på vegne av H og FrP.,1,41,62,0.796
Forslag nr. 43 - 52 på vegne av R.,1,5,98,0.097
Forslag nr. 36 - 42 på vegne av SV og R.,1,13,90,0.252
"Forslag nr. 16 - 35 på vegne av SV, R og MDG.",1,16,87,0.311
Forslag nr. 53 på vegne av Sp.,1,28,75,0.544
"Forslag nr. 14 og 15 på vegne av SV, R, V og MDG.",1,24,79,0.466
Forslag nr. 13 på vegne av Sp og SV.,1,26,77,0.505
"Forslag nr. 7 - 12 på vegne av Sp, SV og R.",1,31,72,0.602
"Forslag nr. 5 på vegne av Sp, SV, R og MDG.",5,253,525,0.65
"Forslag nr. 4 og 6 på vegne av Sp, SV, R og MDG.",1,35,68,0.68
"Forslag nr. 3 på vegne av Sp, SV, R og V.",1,36,66,0.706
"Forslag nr. 2 på vegne av Sp, SV, R, V og MDG.",1,38,64,0.745
Forslag nr. 18 - 20 på vegne av MDG.,1,2,99,0.04
Forslag nr. 16 på vegne av V og MDG.,1,8,94,0.157
Forslag nr. 17 på vegne av V og MDG.,1,13,90,0.252
Forslag nr. 14 på vegne av SV og MDG.,1,11,92,0.214
Forslag nr. 10 og 13 på vegne av FrP.,1,12,91,0.233
Forslag nr. 11 og 12 på vegne av FrP.,1,52,51,0.99
"Forslag nr. 9 på vegne av R, V og MDG.",1,12,90,0.235
"Forslag nr. 4 - 8 på vegne av SV, V og MDG.",1,18,84,0.353
"Forslag nr. 2 og 3 på vegne av SV, R, V og MDG.",2,55,215,0.407
"Forslag nr. 21 på vegne av H, Sp og FrP.",1,58,45,0.874
Stor bokstav A § 13,1,84,18,0.353
Stor bokstav A § 21,1,52,50,0.98
Stor bokstav A § 26,1,58,45,0.874
Stor bokstav A § 33 og 35,1,82,21,0.408
Stor bokstav A § 46 og 47,1,53,50,0.971
Stor bokstav A § 53,1,86,15,0.297
Stor bokstav A øvrige paragrafer,1,92,9,0.178
"Alternativ votering mellom innstillingen og forslag nr.1 fra Sp, SV og R",2,102,102,0.686
"Forslag nr. 1 på vegne av Sp, R og V.",1,30,73,0.583
Forslag nr. 3 på vegne av A.,2,112,94,0.504
Alternativ votering mellom innstillingen og forslag nr.1 fra R,2,99,99,0.182
Alternativ votering mellom innstillingen og forslagene nr.2-3 fra FrP,2,103,103,0.252
"Forslag nr. 2 på vegne av SV, R, V og MDG.",1,34,68,0.667
"Alternativ votering mellom innstillingen og forslag nr.1 fra SV, R, V og MDG",2,103,103,0.447
"Forslag nr. 12 på vegne av SV, R og MDG.",2,28,172,0.28
"Forslag nr. 11 på vegne av SV, R, V og MDG.",2,38,164,0.376
"Forslag nr. 4 - 10 på vegne av Sp, SV, R og MDG.",2,66,136,0.653
"Alternativ votering mellom innstillingen og forslagene 1 - 3 fra Sp, SV, R, V og MDG.",4,202,202,0.752
Forslag nr. 7 - 14 på vegne av MDG.,1,1,100,0.02
Alternativ votering mellom innstillingen og forslagene 1 - 6 fra V og MDG.,2,99,99,0.121
Forslag nr. 3 på vegne av H og V.,1,28,73,0.554
"Alternativ votering mellom innstillingen og forslagene 1 og 2 fra SV, R og MDG.",2,100,100,0.28
"Alternativ votering mellom innstillingen og forslagene 1 - 4 fra SV, R og V.",2,100,100,0.4
"Romertall I § 5 første ledd, § 6 første ledd, § 14 andre ledd og § 15 tredje ledd.",1,94,6,0.12
"Resten av romertall I, samt II og III.",1,-1,-1,0.0
Forslag nr. 2 - 5 på vegne av FrP.,1,12,89,0.238
Ny § 22 a,1,59,41,0.82
"Øvrige paragrafer (§§1 - 21, samt 23).",1,96,0,0.0
Forslag nr. 1 på vegne av R.,1,6,95,0.119
Romertall I § 11 fjerde ledd.,1,85,14,0.283
Romertall I § 13.,1,59,42,0.832
Forslag nr. 7 - 15 på vegne av FrP.,1,12,86,0.245
Forslag nr. 5 og 6 på vegne av SV og R.,1,20,80,0.4
Forslag nr. 2 og 4 på vegne av H og FrP.,1,39,62,0.772
"Forslag nr. 3, 5 og 7 på vegne av H.",1,23,78,0.455
Forslag nr. 4 og 6 på vegne av H.,1,26,74,0.52
"Forslag nr. 1 og 2 på vegne av H, Sp og FrP.",1,78,23,0.455
"Stor bokstav A romertall I unntatt § 60 tredje ledd, femte og sjette ledd, romertall II og III",1,-1,-1,0.0
Forslag nr. 6 og 7 på vegne av H og V.,2,62,142,0.608
Forslag nr. 4 og 5 på vegne av H og FrP.,4,132,272,0.653
"Forslag nr. 1 - 3 på vegne av Sp, SV og V.",2,76,128,0.745
Romertallene I og III.,2,-2,-2,0.0
Forslag nr. 3 på vegne av R.,3,25,280,0.164
Alternativ votering mellom innstillingen og forslag nr.1 fra Sp og R,2,101,101,0.594
"Forslag nr. 4 på vegne av SV, R, V, MDG og KrF.",1,22,79,0.436
"Forslag nr. 1 på vegne av Sp, SV, R og MDG.",2,85,184,0.634
Forslag nr. 13 og 14 på vegne av R.,1,6,96,0.118
"Forslag nr. 12 på vegne av R, V og MDG.",1,13,87,0.26
Forslag nr. 8 og 11 på vegne av FrP og KrF.,1,14,88,0.275
"Forslag nr. 6, 9 og 10 på vegne av FrP og KrF.",1,16,86,0.314
Forslag nr. 7 på vegne av FrP og KrF.,1,21,81,0.412
"Forslag nr. 4 på vegne av FrP, V og KrF.",1,18,82,0.36
"Forslag nr. 3 på vegne av FrP, V og KrF.",1,21,81,0.412
"Forslag nr. 2 på vegne av Sp, FrP og KrF.",1,38,64,0.745
"Forslag nr. 1 på vegne av Sp, FrP, V og KrF.",1,43,59,0.843
Forslag nr. 5 på vegne av MDG.,1,7,95,0.137
Forslag nr. 2 og 3 på vegne av R.,1,13,89,0.255
Forslag nr. 6 og 7 på vegne av KrF og PF.,2,10,194,0.098
"Forslag nr. 5 på vegne av SV, R og PF.",2,32,172,0.314
"Forslag nr. 3 på vegne av Sp, R, KrF og PF.",2,54,148,0.535
Forslag nr. 2 på vegne av H og Sp.,2,94,110,0.922
Innstillingens tilråding;,1,88,11,0.222
"Forslag nr. 1 på vegne av Sp, FrP, R og PF.",1,37,65,0.725
Forslag nr. 5 på vegne av PF.,1,34,66,0.68
Forslag nr. 6 - 9 på vegne av SV og R.,1,13,88,0.257
"Forslag nr. 1 - 4 på vegne av Sp, FrP, SV og R.",1,42,60,0.824
Komiteens tilråding,1,-1,-1,0.0
Forslag nr. 19 på vegne av SV og R.,1,14,87,0.277
"Forslag nr. 14 - 18 på vegne av SV, R og MDG.",1,15,86,0.297
"Forslag nr. 12 og 13 på vegne av SV, R, V og MDG.",1,20,82,0.392
Forslag nr. 11 på vegne av Sp og R.,1,24,78,0.471
"Forslag nr. 10 på vegne av Sp, SV og R.",1,30,72,0.588
"Forslag nr. 8 og 9 på vegne av Sp, SV, R og MDG.",1,32,70,0.627
"Forslag nr. 5 - 7 på vegne av Sp, SV, R, V og MDG.",1,39,63,0.765
"Forslag nr. 1 - 4 på vegne av Sp, FrP, SV, R, V og MDG.",1,51,50,0.99
Alternativ votering mellom innstillingen og forslag 1 - 3 fra H og FrP.,2,104,104,0.808
Alternativ votering mellom innstillingen og forslag 1 fra Sp og FrP.,2,103,103,0.583
Romertall I § 2 nytt tredje ledd.,1,56,48,0.923
"Resten av II, samt I og III - IV.",1,86,17,0.33
Forslag nr. 12 på vegne av SV.,1,14,91,0.267
"Forslag nr. 9, 10, 13 - 15 og 17 - 20 på vegne av SV.",1,15,90,0.286
"Forslag nr. 8, 11 og 16 på vegne av SV.",1,16,89,0.305
Alternativ votering mellom innstillingen og forslag 1 - 7 fra SV og V.,2,104,104,0.385
Forslag nr. 3 - 6 på vegne av R og PF.,1,10,95,0.19
"Forslag nr. 2 på vegne av SV, R og PF.",2,37,171,0.356
Alternativ votering mellom innstillingen og forslag 1 fra H og FrP.,2,105,105,0.8
Forslag nr. 7 på vegne av SV og R.,4,87,458,0.327
"Forslag nr. 5 på vegne av FrP, SV og R.",1,28,77,0.533
Forslag nr. 4 på vegne av H og V.,1,34,71,0.648
"Romertallene I, IV og V.",1,-1,-1,0.0
Forslag nr. 3 - 5 på vegne av SV.,1,15,89,0.288
Redegjørelse,2,-2,-2,0.0
Alternativ votering mellom innstillingen og forslag nr.1-2 fra SV og R,2,98,98,0.286
"Forslag nr. 1 og 2 på vegne av A, SV, R, V og MDG.",1,48,52,0.96
"Forslag nr. 2 - 4 på vegne av SV, R, V og MDG.",1,20,82,0.392
"Forslag nr. 1 på vegne av SV, R, V, MDG og KrF.",1,22,80,0.431
"Forslag nr. 1 på vegne av H, FrP og SV.",1,47,55,0.922
"Alternativ votering mellom innstillingen  og forslag nr.1 fra SV, R, V, MDG og KrF",2,102,102,0.471
Forslag nr. 2 på vegne av Sp og R.,1,25,79,0.481
Alternativ votering mellom innstillingen og forslag 3 og 5 - 9 fra SV og R.,2,103,103,0.291
Forslag nr. 9 og 10 på vegne av SV og R.,1,14,90,0.269
"Forslag nr. 8 på vegne av SV, R og MDG.",1,16,88,0.308
Forslag nr. 5 - 7 på vegne av Sp.,1,17,87,0.327
Forslag nr. 3 og 4 på vegne av Sp og R.,1,22,82,0.423
Alternativ votering mellom innstillingen og forslag 2 fra SV og V.,2,103,103,0.311
Forslag nr. 9 - 12 på vegne av FrP.,1,12,92,0.231
Forslag nr. 13 på vegne av FrP.,1,14,90,0.269
Forslag nr. 4 - 6 på vegne av Sp.,1,17,87,0.327
Forslag nr. 7 på vegne av Sp.,1,19,85,0.365
Forslag nr. 2 og 3 på vegne av H og V.,1,33,71,0.635
"Stor bokstav B, romertall I.",1,73,28,0.554
"Stor bokstav B, romertall II.",1,-1,-1,0.0
Forslag nr. 61 på vegne av KrF.,1,11,156,0.132
"Forslag nr. 53, 55 og 59 på vegne av R.",1,24,145,0.284
Forslag nr. 58 på vegne av R.,1,51,118,0.604
Forslag nr. 51 på vegne av R.,1,28,141,0.331
Forslag nr. 60 på vegne av R.,1,33,136,0.391
Forslag nr. 52 og 54 på vegne av R.,1,28,141,0.331
Forslag nr. 56 på vegne av R.,1,162,3,0.036
Forslag nr. 48 og 50 på vegne av V.,1,11,158,0.13
Forslag nr. 49 på vegne av V.,1,17,151,0.202
Forslag nr. 45 og 47 på vegne av SV.,1,22,147,0.26
Forslag nr. 46 på vegne av SV.,1,25,144,0.296
Forslag nr. 43 og 44 på vegne av SV og V.,1,34,135,0.402
Forslag nr. 41 på vegne av FrP.,1,20,148,0.238
Forslag nr. 42 på vegne av FrP.,1,28,141,0.331
Forslag nr. 38 på vegne av H.,1,39,130,0.462
Forslag nr. 40 på vegne av Sp.,1,40,128,0.476
Forslag nr. 39 på vegne av Sp og V.,1,47,122,0.556
Forslag nr. 34 på vegne av Sp og SV.,1,49,119,0.583
Forslag nr. 30 og 31 på vegne av Sp og SV.,1,50,119,0.592
"Forslag nr. 28, 29, 32, 33 og 35 - 37 på vegne av Sp og SV.",1,54,115,0.639
Forslag nr. 26 på vegne av FrP og SV.,1,38,131,0.45
Forslag nr. 27 på vegne av FrP og SV.,1,42,127,0.497
"Forslag nr. 22, 23 og 25 på vegne av FrP, SV og V.",1,53,116,0.627
"Forslag nr. 24 på vegne av FrP, SV og V.",1,56,113,0.663
Forslag nr. 17 og 21 på vegne av Sp og FrP.,1,51,117,0.607
Forslag nr. 20 på vegne av Sp og FrP.,1,49,120,0.58
Forslag nr. 18 på vegne av Sp og FrP.,1,51,118,0.604
Forslag nr. 19 på vegne av Sp og FrP.,1,52,117,0.615
"Forslag nr. 15 og 16 på vegne av Sp, SV og V.",1,60,109,0.71
Forslag nr. 14 på vegne av H og Sp.,1,72,97,0.852
"Forslag nr. 13 på vegne av Sp, FrP og V.",1,72,96,0.857
"Forslag nr. 12 på vegne av Sp, FrP og SV.",1,73,96,0.864
"Forslag nr. 2 - 9 på vegne av Sp, FrP og SV.",1,73,96,0.864
"Forslag nr. 10 og 11 på vegne av Sp, FrP og SV.",1,74,95,0.876
"Romertallene I, II, IV, VI, VII, XI, XIV, XV, XVI, XVII, XVIII, XIX, XX, XXI, XXV, XXVI, XXVII og XXVIII.",1,-1,-1,0.0
Romertallene V og VIII.,1,155,8,0.098
romertallene XII og XIII.,1,154,13,0.156
Romertall XXII.,1,131,36,0.431
Romertall XXIII.,1,141,0,0.0
Romertall XXIV.,1,102,67,0.793
Romertall XXIX.,1,-1,-1,0.0
Forslag nr. 5 og 6 på vegne av FrP.,1,20,149,0.237
"Forslag nr. 2 på vegne av Sp, R, KrF og PF.",1,62,107,0.734
Alternativ votering mellom innstillingen § 2-1  og forslag nr..7 fra R,2,167,167,0.395
"Alternativ votering mellom innstillingen § 2-2 femte ledd første punktum og forslag nr.3 fra SV, R og MDG",2,168,168,0.298
"Alternativ votering mellom innstillingen ny § 2-4 annet ledd og forslag nr.2 fra SV, R, V og MDG",2,168,168,0.393
"Alternativ votering mellom innstillingen Ny § 3-1 b første til tredje ledd og forslag nr.4 fra SV, R og MDG",2,166,166,0.301
"Alternativ votering mellom innstillingen Ny § 3-1 a og forslag nr..6 fra SV, R og MDG",2,169,169,0.296
"Alternativ mellom innstillingen  § 10-2 første ledd og forslag nr.5 fra SV, R og MDG",2,168,168,0.31
Resten av tilrådingen romertall I og romertall II,1,160,3,0.037
Forslag nr. 4 og 5 på vegne av Sp og R.,1,37,130,0.443
"Forslag nr. 3 på vegne av FrP, SV og R.",1,43,126,0.509
"Forslag nr. 2 på vegne av Sp, SV, R og KrF.",1,52,115,0.623
Forslag nr. 21 på vegne av MDG.,4,16,660,0.047
Forslag nr. 20 på vegne av R.,4,36,640,0.107
Forslag nr. 19 på vegne av SV og MDG.,4,64,612,0.189
Forslag nr. 16 og 17 på vegne av SV og R.,4,88,584,0.262
"Forslag nr. 15 på vegne av SV, V og MDG.",4,108,568,0.32
"Forslag nr. 10 - 14 på vegne av SV, R og MDG.",4,100,576,0.296
"Forslag nr. 8 på vegne av SV, R, V og MDG.",4,136,540,0.402
Forslag nr. 6 på vegne av Sp og FrP.,4,200,476,0.592
"Forslag nr. 4 på vegne av Sp, FrP, SV og R.",4,296,376,0.881
"Forslag nr. 3 på vegne av Sp, SV, R, V, MDG og KrF.",4,256,420,0.757
Forslag nr. 1 og 2 på vegne av A og H.,4,336,340,0.994
Forslag nr. 22 på vegne av R og PF.,4,140,536,0.414
"Forslag nr. 23 på vegne av R, PF og representanten Christian Tybring-Gjedde.",4,300,376,0.888
Forslag nr. 24 på vegne av SV.,4,144,532,0.426
Forslag nr. 27 på vegne av FrP.,4,332,344,0.982
Forslag nr. 28 på vegne av V.,4,252,424,0.746
"Alternativ votering mellom innstilligen og forslag nr.1 fra Sp, SV og R",2,169,169,0.698
"Forslag nr. 5 på vegne av SV, R og MDG.",1,25,144,0.296
Forslag nr. 5 på vegne av Sp og SV.,2,88,248,0.524
"Forslag nr. 3 på vegne av Sp, FrP og R.",3,159,279,0.739
Alternativ votering mellom innstillingen og forslagene nr. 2-7 fra SV og R,2,166,166,0.277
Forslag nr. 1 - 4 på vegne av Sp og FrP.,1,47,122,0.556
Forslag nr. 2 - 4 på vegne av FrP.,1,20,147,0.24
Alternativ votering mellom innstillingen og forslag nr.1 fra H,2,168,168,0.452
Forslag nr. 61 og 62 på vegne av V.,1,8,161,0.095
Forslag nr. 63 på vegne av V.,1,26,142,0.31
Forslag nr. 60 og 65 på vegne av V.,1,11,158,0.13
Forslag nr. 64 på vegne av V.,1,10,159,0.118
Forslag nr. 59 på vegne av R.,1,17,152,0.201
Forslag nr. 57 og 58 på vegne av SV.,1,16,153,0.189
Forslag nr. 56 på vegne av FrP.,1,21,147,0.25
Forslag nr. 50 og 54 på vegne av SV og R.,1,21,148,0.249
"Forslag nr. 46, 47, 49, 51, 52 og 55 på vegne av SV og R.",1,25,144,0.296
Forslag nr. 48 og 53 på vegne av SV og R.,1,33,136,0.391
Forslag nr. 37 på vegne av H.,1,37,131,0.44
Forslag nr. 31 på vegne av H.,1,40,128,0.476
Forslag nr. 30 på vegne av H.,1,39,130,0.462
"Forslag nr. 32, 33, 38 og 39 på vegne av H.",1,44,125,0.521
Forslag nr. 40 og 45 på vegne av H.,1,47,122,0.556
Forslag nr. 34 - 36 og 42 - 44 på vegne av H.,1,48,120,0.571
Forslag nr. 41 på vegne av H.,1,51,117,0.607
Forslag nr. 29 på vegne av FrP og SV.,1,36,132,0.429
Forslag nr. 28 på vegne av H og R.,1,55,112,0.659
"Forslag nr. 27 på vegne av Sp, FrP og R.",1,72,94,0.867
"Forslag nr. 25 og 26 på vegne av FrP, SV og R.",1,44,123,0.527
Forslag nr. 10 og 11 på vegne av H og FrP.,1,54,110,0.659
Forslag nr. 12 på vegne av H og FrP.,1,60,109,0.71
"Forslag nr. 6, 8, 9, 14 - 18 og 21 - 24 på vegne av H og FrP.",1,68,99,0.814
Forslag nr. 4 og 7 på vegne av H og FrP.,1,68,100,0.81
Forslag nr. 3 og 13 på vegne av H og FrP.,1,67,100,0.802
Forslag nr. 19 og 20 på vegne av H og FrP.,1,71,97,0.845
"Forslag nr. 2 på vegne av H, FrP og R.",1,79,90,0.935
Romertall VII.,1,111,57,0.679
Romertall VIII.,1,111,58,0.686
Romertall XIII.,1,105,63,0.75
Romertall XIV.,1,-1,-1,0.0
Innstillingens tilrådingen.,1,-1,-1,0.0
"Forslag nr. 1 på vegne av Sp, FrP, SV og R.",2,88,112,0.88
Forslag nr. 7 og 8 på vegne av MDG.,1,6,94,0.12
Forslag nr. 3 på vegne av V og KrF.,1,6,95,0.119
"Forslag nr. 2 på vegne av SV, V og KrF.",1,17,85,0.333
Alternativ votering mellom innstillingen og forslag 1 - 3 fra FrP.,2,100,100,0.24
Alternativ votering mellom innstillingen og forslag 1 - 2 fra Sp og SV.,2,102,102,0.627
Forslag nr. 1 på vegne av H og V.,1,29,73,0.569
Alternativ votering mellom innstillingen og forslagene 1 - 10 fra SV og R.,2,100,100,0.28
Forslag nr. 8 og 9 på vegne av SV.,1,19,81,0.38
Forslag nr. 3 - 7 på vegne av SV og V.,1,20,80,0.4
Forslag nr. 1 og 2 på vegne av H.,1,31,69,0.62
Forslag nr. 7 på vegne av V.,1,23,79,0.451
"Forslag nr. 1 - 6 på vegne av A, H, Sp og FrP.",1,-1,-1,0.0
Lovanmerkning 2,1,92,5,0.103
Forslag nr. 7 og 8 på vegne av R og MDG.,1,8,92,0.16
"Alternativ votering mellom innstillingen og forslagene 1 - 6 fra SV, R og MDG.",2,99,99,0.303
Forslag nr. 48 på vegne av MDG.,1,3,97,0.06
Forslag nr. 49 på vegne av MDG.,1,8,91,0.162
Forslag nr. 47 på vegne av V og MDG.,1,8,92,0.16
Forslag nr. 44 - 46 på vegne av R og MDG.,1,7,92,0.141
Forslag nr. 42 og 43 på vegne av SV og MDG.,1,10,90,0.2
"Forslag nr. 41 på vegne av SV, V og MDG.",1,15,85,0.3
"Forslag nr. 31 - 40 på vegne av SV, R og MDG.",1,15,85,0.3
"Forslag nr. 7 - 12, 14 - 16 og 18 - 30 på vegne av SV, R, V og MDG.",1,20,80,0.4
"Forslag nr. 17 på vegne av SV, R, V og MDG.",1,29,70,0.586
"Forslag nr. 3 på vegne av FrP, SV, R, V og MDG.",1,31,69,0.62
"Forslag nr. 6 på vegne av H, V og MDG.",1,40,60,0.8
"Forslag nr. 1 og 2 på vegne av H, FrP, V og MDG.",1,41,59,0.82
"Forslag nr. 13 på vegne av SV, R, V og MDG.",1,80,20,0.4
romertallene I og III.,1,-1,-1,0.0
Forslag nr. 5 på vegne av Sp og FrP.,1,28,72,0.56
"Forslag nr. 4 på vegne av Sp, FrP og R.",1,33,67,0.66
"Alternativ votering mellom innstillingen og forslag 1 - 3 fra Sp, FrP, SV og R.",2,100,100,0.8
Forslag nr. 7 på vegne av SV.,1,7,93,0.14
Forslag nr. 6 på vegne av SV.,1,10,90,0.2
"Forslag nr. 2 på vegne av Sp, FrP og R.",1,34,65,0.687
Forslag nr. 26 på vegne av MDG.,2,4,196,0.04
Forslag nr. 18 - 25 på vegne av V og MDG.,2,56,144,0.56
Forslag nr. 14 - 16 på vegne av FrP og R.,2,34,166,0.34
Forslag nr. 13 på vegne av Sp og R.,2,68,132,0.68
"Forslag nr. 8 på vegne av Sp, SV og R.",2,60,138,0.606
"Forslag nr. 9 - 12 på vegne av Sp, SV og R.",2,82,118,0.82
"Forslag nr. 6 og 7 på vegne av Sp, FrP og R.",2,68,132,0.68
"Forslag nr. 5 på vegne av Sp, FrP, R og KrF.",2,74,126,0.74
"Forslag nr. 3 og 4 på vegne av Sp, FrP, SV og R.",2,82,118,0.82
"Forslag nr. 1 og 2 på vegne av Sp, FrP, SV, R og KrF.",2,86,114,0.86
Forslag nr. 3 og 8 på vegne av SV og R.,1,19,81,0.38
"Forslag nr. 2, 4 - 7 og 9 på vegne av SV og R.",1,14,86,0.28
"Forslag nr. 1 på vegne av H, SV, R, V og MDG.",1,54,46,0.92
"Forslag nr. 2, 3 og 5 på vegne av Sp, SV og R.",2,62,138,0.62
"Forslag nr. 1 og 4 på vegne av Sp, SV og R.",2,82,118,0.82
Forslag nr. 9 på vegne av SV og MDG.,1,10,92,0.196
"Forslag nr. 8 på vegne av SV, MDG og KrF.",1,13,90,0.252
"Forslag nr. 5 - 7 på vegne av SV, R og MDG.",1,16,87,0.311
"Forslag nr. 4 på vegne av SV, R, MDG og KrF.",1,18,85,0.35
"Alternativ votering mellom innstillingen og forslag nr. 1-3 fra  SV, R, V, MDG og KrF",2,101,101,0.436
"Forslag nr. 11 på vegne av SV, R og MDG.",1,16,87,0.311
"Forslag nr. 10 på vegne av FrP, SV, R og MDG.",1,69,32,0.634
"Forslag nr. 7 på vegne av H, FrP og SV.",1,42,61,0.816
"Forslag nr. 6 på vegne av H, FrP, SV og R.",1,50,53,0.971
"Forslag nr. 2 - 5 på vegne av A, Sp og V.",1,67,35,0.686
"Forslag nr. 1 på vegne av A, Sp og V.",1,53,49,0.961
Alternativ votering mellom innstillingen og forslag nr. 1 fra SV og R,2,102,102,0.294
Forslag nr. 10 - 12 på vegne av FrP.,1,12,91,0.233
"Forslag nr. 6 - 9 på vegne av H, V og KrF.",1,29,74,0.563
"Forslag nr. 1 - 3 på vegne av H, FrP og V.",1,39,64,0.757
"Alternativ votering mellom innstillingen og forslag nr. 1 fra H, FrP, V og KrF",2,102,102,0.784
Forslag nr. 5 på vegne av FrP og KrF.,1,17,86,0.33
"Alternativ votering mellom innstillingens A romertall II § 1-1 første ledd og forslag 4 fra SV, R og PF.",2,103,103,0.408
A romertall II § 2-1 første ledd.,1,86,14,0.28
A romertall III § 4-3 andre ledd.,1,68,34,0.667
A romertal III § 4-3 femte ledd.,1,89,14,0.272
Forslag nr. 11 på vegne av FrP.,1,18,84,0.353
"Alternativ votering mellom innstillingens stor bokstav A, romertall II Ny § 4-4 b og romertall III § 4-6 nytt fjerde ledd, og forslag 1 fra A, Sp og KrF.",2,103,103,0.583
Alternativ voteringmellom innstillingen og forslag 1 fra R.,2,102,102,0.098
"Alternativ votering mellom innstillingen og forslag 1 fra SV, R, V og MDG.",2,102,102,0.412
